<?xml version="1.0" encoding="UTF-8"?>
<project-private xmlns="http://www.netbeans.org/ns/project-private/1">
    <editor-bookmarks xmlns="http://www.netbeans.org/ns/editor-bookmarks/2" lastBookmarkId="0"/>
    <open-files xmlns="http://www.netbeans.org/ns/projectui-open-files/2">
        <group>
            <file>file:/C:/Users/Lai/OneDrive/Documents/NetBeansProjects/ProyectoFinalMenu/src/proyectofinalmenu/InterfazMenu.java</file>
            <file>file:/C:/Users/Lai/OneDrive/Documents/NetBeansProjects/ProyectoFinalMenu/src/windowP4/VerWindow.java</file>
            <file>file:/C:/Users/Lai/OneDrive/Documents/NetBeansProjects/ProyectoFinalMenu/src/windowP4/StudentInfo.java</file>
            <file>file:/C:/Users/Lai/OneDrive/Documents/NetBeansProjects/ProyectoFinalMenu/src/windowP4/mainWindow.java</file>
        </group>
    </open-files>
</project-private>
